task_id,arrival_time,power_requirement_MW,duration_slots,executed,start_time
0,2023-06-01 00:00:00,0.5,1,True,2023-06-01 06:30:00
1,2023-06-01 00:00:03,2.4,9,True,2023-06-01 08:00:00
2,2023-06-01 00:00:05,0.8,1,True,2023-06-01 07:00:00
3,2023-06-01 00:00:21,0.8,1,True,2023-06-01 07:30:00
4,2023-06-01 00:00:21,0.8,1,True,2023-06-01 07:30:00
5,2023-06-01 00:00:36,0.8,1,True,2023-06-01 08:30:00
6,2023-06-01 00:00:41,0.2,23,True,2023-06-01 06:00:00
7,2023-06-01 00:00:51,0.5,1,True,2023-06-01 08:30:00
8,2023-06-01 00:01:05,0.5,1,True,2023-06-01 09:00:00
9,2023-06-01 00:01:07,2.4,9,True,2023-06-01 09:30:00
10,2023-06-01 00:01:15,0.8,1,True,2023-06-01 09:00:00
11,2023-06-01 00:01:38,0.8,1,True,2023-06-01 09:00:00
12,2023-06-01 00:01:39,0.8,1,True,2023-06-01 10:00:00
13,2023-06-01 00:01:49,0.5,1,True,2023-06-01 10:30:00
14,2023-06-01 00:01:50,0.5,1,True,2023-06-01 10:30:00
15,2023-06-01 00:03:58,0.5,2,True,2023-06-01 10:30:00
16,2023-06-01 00:04:17,0.8,1,True,2023-06-01 10:30:00
17,2023-06-01 00:04:19,0.2,1,True,2023-06-01 06:00:00
18,2023-06-01 00:04:56,0.5,1,True,2023-06-01 10:30:00
19,2023-06-01 00:04:58,0.4,1,True,2023-06-01 08:30:00
20,2023-06-01 00:05:08,0.8,1,True,2023-06-01 10:30:00
21,2023-06-01 00:05:12,1.6,1,True,2023-06-01 11:00:00
22,2023-06-01 00:05:14,0.2,33,False,
23,2023-06-01 00:05:20,0.4,25,True,2023-06-02 06:00:00
24,2023-06-01 00:05:49,0.8,1,True,2023-06-01 10:30:00
25,2023-06-01 00:05:51,0.5,1,True,2023-06-01 11:00:00
26,2023-06-01 00:05:55,0.8,2,True,2023-06-01 11:00:00
27,2023-06-01 00:05:55,0.5,1,True,2023-06-01 11:00:00
28,2023-06-01 00:05:55,0.5,1,True,2023-06-01 11:00:00
29,2023-06-01 00:05:56,0.5,1,True,2023-06-01 11:00:00
30,2023-06-01 00:05:56,0.8,1,True,2023-06-01 11:00:00
31,2023-06-01 00:06:00,0.8,1,True,2023-06-01 11:00:00
32,2023-06-01 00:06:40,0.5,1,True,2023-06-01 11:30:00
33,2023-06-01 00:06:45,0.5,1,True,2023-06-01 11:30:00
34,2023-06-01 00:06:50,0.5,1,True,2023-06-01 11:30:00
35,2023-06-01 00:06:53,0.5,1,True,2023-06-01 11:30:00
36,2023-06-01 00:06:57,0.8,1,True,2023-06-01 11:30:00
37,2023-06-01 00:07:23,0.8,1,True,2023-06-01 11:30:00
38,2023-06-01 00:07:31,0.8,1,True,2023-06-01 11:30:00
39,2023-06-01 00:07:42,0.2,1,True,2023-06-01 06:30:00
40,2023-06-01 00:07:45,0.8,89,False,
41,2023-06-01 00:07:45,0.8,16,True,2023-06-01 11:30:00
42,2023-06-01 00:07:47,0.5,1,True,2023-06-01 11:30:00
43,2023-06-01 00:07:49,0.8,1,True,2023-06-01 11:30:00
44,2023-06-01 00:07:50,0.8,2,True,2023-06-01 11:30:00
45,2023-06-01 00:07:58,0.5,1,True,2023-06-01 11:30:00
46,2023-06-01 00:08:00,0.8,1,True,2023-06-01 11:30:00
47,2023-06-01 00:08:29,0.8,1,True,2023-06-01 12:00:00
48,2023-06-01 00:08:29,0.8,2,True,2023-06-01 12:00:00
49,2023-06-01 00:08:47,0.5,1,True,2023-06-01 12:00:00
50,2023-06-01 00:08:47,0.5,1,True,2023-06-01 12:00:00
51,2023-06-01 00:08:53,0.08,2,True,2023-06-01 09:00:00
52,2023-06-01 00:08:56,0.8,1,True,2023-06-01 12:00:00
53,2023-06-01 00:09:00,0.8,1,True,2023-06-01 12:00:00
54,2023-06-01 00:09:09,0.8,1,True,2023-06-01 12:00:00
55,2023-06-01 00:09:10,0.4,1,True,2023-06-01 12:00:00
56,2023-06-01 00:09:19,0.8,1,True,2023-06-01 12:00:00
57,2023-06-01 00:09:56,0.8,1,True,2023-06-01 12:00:00
58,2023-06-01 00:10:46,0.8,1,True,2023-06-01 12:00:00
59,2023-06-01 00:10:49,0.8,1,True,2023-06-01 12:00:00
60,2023-06-01 00:10:56,0.8,1,True,2023-06-01 12:00:00
61,2023-06-01 00:11:02,0.8,1,True,2023-06-01 12:00:00
62,2023-06-01 00:11:27,0.5,1,True,2023-06-01 12:00:00
63,2023-06-01 00:11:30,6.4,1,True,2023-06-01 12:30:00
64,2023-06-01 00:11:39,0.4,1,True,2023-06-01 12:30:00
65,2023-06-01 00:11:44,0.5,4,True,2023-06-01 12:30:00
66,2023-06-01 00:11:45,0.5,1,True,2023-06-01 12:30:00
67,2023-06-01 00:11:47,20.0,4,True,2023-06-02 13:00:00
68,2023-06-01 00:11:53,0.5,1,True,2023-06-01 12:30:00
69,2023-06-01 00:11:55,0.8,1,True,2023-06-01 12:30:00
70,2023-06-01 00:12:28,0.8,1,True,2023-06-01 12:30:00
71,2023-06-01 00:12:48,0.5,1,True,2023-06-01 12:30:00
72,2023-06-01 00:13:00,0.5,4,True,2023-06-01 12:30:00
73,2023-06-01 00:13:00,0.2,36,False,
74,2023-06-01 00:13:03,2.0,4,True,2023-06-01 12:30:00
75,2023-06-01 00:13:16,4.0,1,True,2023-06-01 13:00:00
76,2023-06-01 00:13:20,0.8,12,True,2023-06-01 12:30:00
77,2023-06-01 00:13:24,3.2,30,False,
78,2023-06-01 00:13:53,0.8,1,True,2023-06-01 12:30:00
79,2023-06-01 00:14:06,0.2,1,True,2023-06-01 07:00:00
80,2023-06-01 00:14:18,0.5,1,True,2023-06-01 13:00:00
81,2023-06-01 00:14:20,1.6,1,True,2023-06-01 13:00:00
82,2023-06-01 00:14:24,0.2,19,True,2023-06-02 06:00:00
83,2023-06-01 00:14:39,0.8,1,True,2023-06-01 13:00:00
84,2023-06-01 00:14:42,0.8,1,True,2023-06-01 13:00:00
85,2023-06-01 00:14:46,0.5,1,True,2023-06-01 13:00:00
86,2023-06-01 00:14:46,0.5,1,True,2023-06-01 13:00:00
87,2023-06-01 00:14:48,0.8,1,True,2023-06-01 13:00:00
88,2023-06-01 00:14:59,1.6,1,True,2023-06-01 13:00:00
89,2023-06-01 00:15:15,0.8,1,True,2023-06-01 13:00:00
90,2023-06-01 00:15:55,0.08,1,True,2023-06-01 05:30:00
91,2023-06-01 00:15:59,0.08,1,True,2023-06-01 07:00:00
92,2023-06-01 00:16:00,0.08,1,True,2023-06-01 07:00:00
93,2023-06-01 00:16:00,0.08,1,True,2023-06-01 08:00:00
94,2023-06-01 00:16:01,0.08,1,True,2023-06-01 08:00:00
95,2023-06-01 00:16:06,0.08,1,True,2023-06-01 08:00:00
96,2023-06-01 00:16:06,0.08,1,True,2023-06-01 09:30:00
97,2023-06-01 00:16:06,0.08,1,True,2023-06-01 09:30:00
98,2023-06-01 00:16:07,0.08,1,True,2023-06-01 09:30:00
99,2023-06-01 00:16:07,0.08,1,True,2023-06-01 10:00:00
100,2023-06-01 00:16:08,0.08,1,True,2023-06-01 10:00:00
101,2023-06-01 00:16:08,0.08,1,True,2023-06-01 10:00:00
102,2023-06-01 00:16:09,0.08,1,True,2023-06-01 10:30:00
103,2023-06-01 00:16:15,0.08,1,True,2023-06-01 10:30:00
104,2023-06-01 00:16:15,0.08,1,True,2023-06-01 11:00:00
105,2023-06-01 00:16:15,0.08,1,True,2023-06-01 11:30:00
106,2023-06-01 00:16:15,0.08,1,True,2023-06-01 12:30:00
107,2023-06-01 00:16:18,0.08,1,True,2023-06-01 12:30:00
108,2023-06-01 00:16:18,0.08,1,True,2023-06-01 12:30:00
109,2023-06-01 00:16:18,0.08,1,True,2023-06-01 13:00:00
110,2023-06-01 00:16:18,0.08,1,True,2023-06-01 13:00:00
111,2023-06-01 00:16:18,0.08,1,True,2023-06-01 13:00:00
112,2023-06-01 00:16:24,0.08,1,True,2023-06-01 13:00:00
113,2023-06-01 00:16:25,0.08,1,True,2023-06-01 13:00:00
114,2023-06-01 00:16:25,0.08,1,True,2023-06-01 13:00:00
115,2023-06-01 00:16:25,0.08,1,True,2023-06-01 13:00:00
116,2023-06-01 00:16:25,0.08,1,True,2023-06-01 13:00:00
117,2023-06-01 00:16:30,0.08,1,True,2023-06-01 13:00:00
118,2023-06-01 00:16:32,0.08,1,True,2023-06-01 13:00:00
119,2023-06-01 00:16:32,0.08,1,True,2023-06-01 13:00:00
120,2023-06-01 00:16:32,0.08,1,True,2023-06-01 13:00:00
121,2023-06-01 00:16:32,0.08,1,True,2023-06-01 13:00:00
122,2023-06-01 00:16:33,0.08,1,True,2023-06-01 13:00:00
123,2023-06-01 00:16:33,0.08,1,True,2023-06-01 13:00:00
124,2023-06-01 00:16:33,0.08,1,True,2023-06-01 13:00:00
125,2023-06-01 00:16:36,0.08,1,True,2023-06-01 13:00:00
126,2023-06-01 00:16:36,0.08,1,True,2023-06-01 13:00:00
127,2023-06-01 00:16:37,0.08,1,True,2023-06-01 13:00:00
128,2023-06-01 00:16:40,0.08,1,True,2023-06-01 13:00:00
129,2023-06-01 00:16:43,0.08,1,True,2023-06-01 13:00:00
130,2023-06-01 00:16:43,0.08,1,True,2023-06-01 13:00:00
131,2023-06-01 00:16:43,10.0,23,False,
132,2023-06-01 00:16:43,0.08,1,True,2023-06-01 13:00:00
133,2023-06-01 00:16:46,0.8,1,True,2023-06-01 13:00:00
134,2023-06-01 00:16:46,0.08,1,True,2023-06-01 13:00:00
135,2023-06-01 00:16:46,0.08,1,True,2023-06-01 13:00:00
136,2023-06-01 00:16:50,0.08,1,True,2023-06-01 13:00:00
137,2023-06-01 00:16:50,0.5,1,True,2023-06-01 13:30:00
138,2023-06-01 00:16:50,0.08,1,True,2023-06-01 13:30:00
139,2023-06-01 00:16:50,6.4,1,True,2023-06-01 13:30:00
140,2023-06-01 00:16:51,0.08,1,True,2023-06-01 13:30:00
141,2023-06-01 00:16:51,0.08,1,True,2023-06-01 13:30:00
142,2023-06-01 00:16:59,2.4,1,True,2023-06-01 13:30:00
143,2023-06-01 00:17:02,0.5,1,True,2023-06-01 13:30:00
144,2023-06-01 00:17:04,0.8,1,True,2023-06-01 13:30:00
145,2023-06-01 00:17:05,0.2,1,True,2023-06-01 13:30:00
146,2023-06-01 00:17:16,0.16,3,True,2023-06-01 13:30:00
147,2023-06-01 00:17:21,0.8,1,True,2023-06-01 13:30:00
148,2023-06-01 00:17:29,0.5,1,True,2023-06-01 13:30:00
149,2023-06-01 00:17:32,0.8,1,True,2023-06-01 13:30:00
150,2023-06-01 00:17:38,0.8,1,True,2023-06-01 13:30:00
151,2023-06-01 00:17:44,0.51,1,True,2023-06-01 13:30:00
152,2023-06-01 00:17:47,2.4,1,True,2023-06-01 14:00:00
153,2023-06-01 00:17:54,0.8,1,True,2023-06-01 13:30:00
154,2023-06-01 00:18:34,0.51,1,True,2023-06-01 14:00:00
155,2023-06-01 00:18:55,0.8,1,True,2023-06-01 14:00:00
156,2023-06-01 00:19:22,0.51,1,True,2023-06-01 14:00:00
157,2023-06-01 00:19:30,0.08,1,True,2023-06-01 13:30:00
158,2023-06-01 00:19:30,0.08,1,True,2023-06-01 13:30:00
159,2023-06-01 00:19:33,0.8,2,True,2023-06-01 14:00:00
160,2023-06-01 00:19:56,3.2,12,True,2023-06-03 07:00:00
161,2023-06-01 00:20:10,0.2,1,True,2023-06-01 13:30:00
162,2023-06-01 00:20:12,0.8,1,True,2023-06-01 14:00:00
163,2023-06-01 00:20:18,0.51,1,True,2023-06-01 14:00:00
164,2023-06-01 00:20:23,0.5,1,True,2023-06-01 14:00:00
165,2023-06-01 00:20:26,0.8,1,True,2023-06-01 14:00:00
166,2023-06-01 00:20:26,2.4,10,True,2023-06-01 14:00:00
167,2023-06-01 00:21:00,0.8,3,True,2023-06-01 14:00:00
168,2023-06-01 00:21:05,0.51,1,True,2023-06-01 14:00:00
169,2023-06-01 00:21:30,0.4,1,True,2023-06-01 14:00:00
170,2023-06-01 00:21:45,0.8,1,True,2023-06-01 14:00:00
171,2023-06-01 00:21:46,0.2,1,True,2023-06-01 14:00:00
172,2023-06-01 00:21:48,0.51,1,True,2023-06-01 14:00:00
173,2023-06-01 00:22:20,0.5,1,True,2023-06-01 14:00:00
174,2023-06-01 00:22:21,16.0,2,True,2023-06-02 11:00:00
175,2023-06-01 00:22:32,0.4,1,True,2023-06-01 14:00:00
176,2023-06-01 00:22:33,0.51,1,True,2023-06-01 14:00:00
177,2023-06-01 00:23:03,0.5,1,True,2023-06-01 14:00:00
178,2023-06-01 00:23:15,0.5,1,True,2023-06-01 14:00:00
179,2023-06-01 00:23:20,0.51,1,True,2023-06-01 14:00:00
180,2023-06-01 00:23:20,0.5,1,True,2023-06-01 14:00:00
181,2023-06-01 00:23:25,0.4,39,False,
182,2023-06-01 00:23:48,0.2,1,True,2023-06-01 14:00:00
183,2023-06-01 00:23:59,0.51,1,True,2023-06-01 14:00:00
184,2023-06-01 00:23:59,0.8,1,True,2023-06-01 14:00:00
185,2023-06-01 00:24:10,0.5,1,True,2023-06-01 14:30:00
186,2023-06-01 00:24:10,0.4,1,True,2023-06-01 14:30:00
187,2023-06-01 00:24:48,0.51,1,True,2023-06-01 14:30:00
188,2023-06-01 00:24:51,0.4,1,True,2023-06-01 14:30:00
189,2023-06-01 00:25:11,0.5,1,True,2023-06-01 14:30:00
190,2023-06-01 00:25:28,0.5,12,True,2023-06-01 14:30:00
191,2023-06-01 00:25:31,5.0,12,True,2023-06-03 07:30:00
192,2023-06-01 00:25:34,0.51,1,True,2023-06-01 14:30:00
193,2023-06-01 00:25:43,0.5,1,True,2023-06-01 14:30:00
194,2023-06-01 00:26:06,0.8,1,True,2023-06-01 14:30:00
195,2023-06-01 00:26:51,0.5,1,True,2023-06-01 14:30:00
196,2023-06-01 00:26:54,0.5,1,True,2023-06-01 14:30:00
197,2023-06-01 00:26:55,0.5,1,True,2023-06-01 14:30:00
198,2023-06-01 00:26:59,0.8,1,True,2023-06-01 14:30:00
199,2023-06-01 00:27:07,0.51,1,True,2023-06-01 14:30:00
200,2023-06-01 00:27:16,0.8,1,True,2023-06-01 14:30:00
201,2023-06-01 00:27:21,0.8,1,True,2023-06-01 14:30:00
202,2023-06-01 00:27:24,0.8,1,True,2023-06-01 14:30:00
203,2023-06-01 00:27:26,0.5,1,True,2023-06-01 14:30:00
204,2023-06-01 00:27:26,1.6,1,True,2023-06-01 14:30:00
205,2023-06-01 00:27:27,0.8,1,True,2023-06-01 14:30:00
206,2023-06-01 00:27:35,0.8,1,True,2023-06-01 14:30:00
207,2023-06-01 00:27:45,0.8,1,True,2023-06-01 14:30:00
208,2023-06-01 00:27:48,0.8,1,True,2023-06-01 14:30:00
209,2023-06-01 00:27:54,0.8,1,True,2023-06-01 14:30:00
210,2023-06-01 00:27:54,0.5,1,True,2023-06-01 14:30:00
211,2023-06-01 00:27:58,2.4,1,True,2023-06-01 15:00:00
212,2023-06-01 00:28:02,0.5,2,True,2023-06-01 14:30:00
213,2023-06-01 00:28:15,0.51,1,True,2023-06-01 15:00:00
214,2023-06-01 00:28:41,0.8,1,True,2023-06-01 15:00:00
215,2023-06-01 00:28:49,0.8,1,True,2023-06-01 15:00:00
216,2023-06-01 00:28:54,0.5,1,True,2023-06-01 15:00:00
217,2023-06-01 00:29:00,0.51,1,True,2023-06-01 15:00:00
218,2023-06-01 00:29:04,2.4,1,True,2023-06-01 15:00:00
219,2023-06-01 00:29:12,0.5,4,True,2023-06-01 15:00:00
220,2023-06-01 00:29:15,16.0,4,True,2023-06-02 15:00:00
221,2023-06-01 00:29:28,0.8,1,True,2023-06-01 15:00:00
222,2023-06-01 00:29:33,0.5,1,True,2023-06-01 15:00:00
223,2023-06-01 00:29:43,2.4,1,True,2023-06-01 15:00:00
224,2023-06-01 00:29:43,0.51,1,True,2023-06-01 15:00:00
225,2023-06-01 00:29:56,0.5,1,True,2023-06-01 15:00:00
226,2023-06-01 00:29:57,2.4,1,True,2023-06-01 15:30:00
227,2023-06-01 00:30:00,2.0,1,True,2023-06-01 15:30:00
228,2023-06-01 00:30:12,0.5,1,True,2023-06-01 15:00:00
229,2023-06-01 00:30:15,2.0,1,True,2023-06-01 15:30:00
230,2023-06-01 00:30:25,0.51,1,True,2023-06-01 15:00:00
231,2023-06-01 00:30:30,2.4,1,True,2023-06-01 15:30:00
232,2023-06-01 00:30:35,6.0,1,True,2023-06-01 16:00:00
233,2023-06-01 00:30:41,3.2,1,True,2023-06-01 15:30:00
234,2023-06-01 00:30:49,4.0,1,True,2023-06-01 16:00:00
235,2023-06-01 00:30:59,0.2,1,True,2023-06-01 14:30:00
236,2023-06-01 00:31:14,0.51,1,True,2023-06-01 15:30:00
237,2023-06-01 00:32:02,0.51,1,True,2023-06-01 16:00:00
238,2023-06-01 00:32:04,0.32,1,True,2023-06-01 15:00:00
239,2023-06-01 00:32:34,0.5,1,True,2023-06-01 16:00:00
240,2023-06-01 00:32:37,2.4,22,True,2023-06-03 08:00:00
241,2023-06-01 00:32:43,0.5,1,True,2023-06-01 16:00:00
242,2023-06-01 00:32:46,0.8,1,True,2023-06-01 16:00:00
243,2023-06-01 00:32:51,0.51,1,True,2023-06-01 16:30:00
244,2023-06-01 00:33:09,20.0,1,True,2023-06-03 13:30:00
245,2023-06-01 00:33:31,16.0,1,True,2023-06-03 13:00:00
246,2023-06-01 00:33:40,0.51,1,True,2023-06-01 16:30:00
247,2023-06-01 00:33:56,16.0,1,True,2023-06-03 14:00:00
248,2023-06-01 00:33:58,0.5,1,True,2023-06-01 16:30:00
249,2023-06-01 00:34:08,0.8,1,True,2023-06-01 16:30:00
250,2023-06-01 00:34:14,0.2,1,True,2023-06-01 14:30:00
251,2023-06-01 00:34:15,0.8,1,True,2023-06-01 16:30:00
252,2023-06-01 00:34:24,0.51,1,True,2023-06-01 16:30:00
253,2023-06-01 00:34:35,0.8,1,True,2023-06-01 16:30:00
254,2023-06-01 00:34:44,14.4,1,True,2023-06-02 10:30:00
255,2023-06-01 00:34:59,2.4,1,True,2023-06-01 16:30:00
256,2023-06-01 00:35:02,14.4,1,True,2023-06-02 12:00:00
257,2023-06-01 00:35:07,0.51,1,True,2023-06-01 16:30:00
258,2023-06-01 00:35:10,0.8,1,True,2023-06-01 16:30:00
259,2023-06-01 00:35:19,6.0,1,True,2023-06-01 17:00:00
260,2023-06-01 00:35:20,0.8,1,True,2023-06-01 16:30:00
261,2023-06-01 00:35:28,0.8,1,True,2023-06-01 16:30:00
262,2023-06-01 00:35:31,0.2,1,True,2023-06-01 15:30:00
263,2023-06-01 00:35:57,0.51,1,True,2023-06-01 16:30:00
264,2023-06-01 00:36:17,0.5,1,True,2023-06-01 17:00:00
265,2023-06-01 00:36:20,0.2,1,True,2023-06-01 16:00:00
266,2023-06-01 00:36:25,8.0,1,True,2023-06-02 09:00:00
267,2023-06-01 00:36:36,0.2,1,True,2023-06-01 16:00:00
268,2023-06-01 00:36:44,0.4,1,True,2023-06-01 16:30:00
269,2023-06-01 00:36:44,0.4,1,True,2023-06-01 17:00:00
270,2023-06-01 00:36:44,16.0,3,True,2023-06-03 14:30:00
271,2023-06-01 00:36:44,0.51,1,True,2023-06-01 17:00:00
272,2023-06-01 00:36:45,0.4,1,True,2023-06-01 17:00:00
273,2023-06-01 00:36:48,0.4,1,True,2023-06-01 17:00:00
274,2023-06-01 00:36:49,0.4,1,True,2023-06-01 17:00:00
275,2023-06-01 00:36:49,0.4,1,True,2023-06-01 17:30:00
276,2023-06-01 00:36:54,0.4,1,True,2023-06-01 17:30:00
277,2023-06-01 00:36:54,0.4,1,True,2023-06-01 17:30:00
278,2023-06-01 00:36:55,0.4,1,True,2023-06-01 17:30:00
279,2023-06-01 00:36:59,0.4,1,True,2023-06-01 17:30:00
280,2023-06-01 00:37:02,0.4,1,True,2023-06-01 17:30:00
281,2023-06-01 00:37:03,0.4,1,True,2023-06-01 17:30:00
282,2023-06-01 00:37:04,0.4,1,True,2023-06-01 17:30:00
283,2023-06-01 00:37:12,0.4,1,True,2023-06-01 17:30:00
284,2023-06-01 00:37:13,0.4,1,True,2023-06-01 17:30:00
285,2023-06-01 00:37:17,0.4,1,True,2023-06-01 17:30:00
286,2023-06-01 00:37:19,0.4,1,True,2023-06-01 17:30:00
287,2023-06-01 00:37:20,0.8,1,True,2023-06-01 17:30:00
288,2023-06-01 00:37:24,0.4,1,True,2023-06-01 17:30:00
289,2023-06-01 00:37:25,1.6,1,True,2023-06-01 18:00:00
290,2023-06-01 00:37:29,0.4,1,True,2023-06-01 17:30:00
291,2023-06-01 00:37:30,0.8,1,True,2023-06-01 18:00:00
292,2023-06-01 00:37:35,0.4,2,True,2023-06-01 18:00:00
293,2023-06-01 00:37:35,0.4,1,True,2023-06-01 18:00:00
294,2023-06-01 00:37:42,1.6,1,True,2023-06-01 18:30:00
295,2023-06-01 00:37:43,0.4,1,True,2023-06-01 18:00:00
296,2023-06-01 00:37:44,0.4,2,True,2023-06-01 19:00:00
297,2023-06-01 00:37:51,8.0,1,True,2023-06-02 09:30:00
298,2023-06-01 00:38:46,0.5,1,True,2023-06-01 19:00:00
299,2023-06-01 00:38:49,2.4,18,True,2023-06-04 06:30:00
300,2023-06-01 00:39:17,0.5,1,True,2023-06-01 19:00:00
301,2023-06-01 00:39:21,0.8,1,True,2023-06-02 06:30:00
302,2023-06-01 00:39:21,0.8,1,True,2023-06-02 07:00:00
303,2023-06-01 00:39:28,0.8,2,True,2023-06-02 07:00:00
304,2023-06-01 00:39:28,0.5,2,True,2023-06-01 19:00:00
305,2023-06-01 00:39:30,0.8,1,True,2023-06-02 07:30:00
306,2023-06-01 00:39:39,6.0,1,True,2023-06-02 08:30:00
307,2023-06-01 00:39:40,0.5,1,True,2023-06-02 07:30:00
308,2023-06-01 00:39:54,0.5,2,True,2023-06-02 08:00:00
309,2023-06-01 00:39:57,8.0,2,True,2023-06-02 17:00:00
310,2023-06-01 00:40:00,0.8,2,True,2023-06-02 08:00:00
311,2023-06-01 00:40:04,6.0,1,True,2023-06-02 10:00:00
312,2023-06-01 00:40:08,0.8,1,True,2023-06-02 08:00:00
313,2023-06-01 00:40:23,0.5,1,True,2023-06-02 08:00:00
314,2023-06-01 00:40:24,0.8,1,True,2023-06-02 08:00:00
315,2023-06-01 00:40:33,0.5,1,True,2023-06-02 08:00:00
316,2023-06-01 00:40:35,10.0,1,True,2023-06-02 12:30:00
317,2023-06-01 00:40:39,0.8,1,True,2023-06-02 08:00:00
318,2023-06-01 00:40:48,0.5,1,True,2023-06-02 10:00:00
319,2023-06-01 00:40:48,0.5,1,True,2023-06-02 10:00:00
320,2023-06-01 00:40:51,0.5,1,True,2023-06-02 10:00:00
321,2023-06-01 00:41:03,0.8,1,True,2023-06-02 10:00:00
322,2023-06-01 00:41:43,0.8,1,True,2023-06-02 10:00:00
323,2023-06-01 00:41:46,0.8,1,True,2023-06-02 10:00:00
324,2023-06-01 00:41:58,1.6,1,True,2023-06-02 11:30:00
325,2023-06-01 00:42:13,1.6,3,True,2023-06-02 14:30:00
326,2023-06-01 00:42:15,1.6,5,True,2023-06-02 17:00:00
327,2023-06-01 00:42:18,1.6,6,True,2023-06-02 17:00:00
328,2023-06-01 00:42:20,1.6,3,True,2023-06-02 15:00:00
329,2023-06-01 00:42:20,1.6,3,True,2023-06-02 15:00:00
330,2023-06-01 00:42:21,1.6,3,True,2023-06-03 08:30:00
331,2023-06-01 00:42:23,1.6,4,True,2023-06-03 08:30:00
332,2023-06-01 00:42:28,1.6,3,True,2023-06-03 09:00:00
333,2023-06-01 00:42:54,1.6,1,True,2023-06-02 11:30:00
334,2023-06-01 00:43:00,0.2,9,True,2023-06-02 11:00:00
335,2023-06-01 00:43:00,0.2,7,True,2023-06-02 12:30:00
336,2023-06-01 00:43:00,0.2,11,True,2023-06-02 12:30:00
337,2023-06-01 00:43:00,0.2,9,True,2023-06-02 13:30:00
338,2023-06-01 00:43:01,0.2,8,True,2023-06-02 16:30:00
339,2023-06-01 00:43:01,0.2,7,True,2023-06-03 08:00:00
340,2023-06-01 00:43:01,0.2,7,True,2023-06-03 08:00:00
341,2023-06-01 00:43:01,0.2,6,True,2023-06-02 16:30:00
342,2023-06-01 00:43:01,0.2,6,True,2023-06-03 08:00:00
343,2023-06-01 00:43:01,0.2,8,True,2023-06-03 09:00:00
344,2023-06-01 00:43:01,0.2,7,True,2023-06-03 09:00:00
345,2023-06-01 00:43:01,0.2,6,True,2023-06-03 09:00:00
346,2023-06-01 00:43:01,0.2,7,True,2023-06-03 09:00:00
347,2023-06-01 00:43:01,0.2,6,True,2023-06-03 09:00:00
348,2023-06-01 00:43:01,0.2,6,True,2023-06-03 09:00:00
349,2023-06-01 00:43:01,0.2,6,True,2023-06-03 09:30:00
350,2023-06-01 00:43:01,0.2,7,True,2023-06-03 09:30:00
351,2023-06-01 00:43:01,0.2,6,True,2023-06-03 09:30:00
352,2023-06-01 00:43:01,0.2,8,True,2023-06-03 09:30:00
353,2023-06-01 00:43:01,0.2,5,True,2023-06-03 09:30:00
354,2023-06-01 00:43:01,0.2,8,True,2023-06-03 09:30:00
355,2023-06-01 00:43:01,0.2,6,True,2023-06-03 09:30:00
356,2023-06-01 00:43:01,0.2,6,True,2023-06-03 09:30:00
357,2023-06-01 00:43:02,0.2,6,True,2023-06-03 09:30:00
358,2023-06-01 00:43:02,0.2,6,True,2023-06-03 09:30:00
359,2023-06-01 00:43:16,0.2,1,True,2023-06-01 17:00:00
360,2023-06-01 00:44:29,8.0,1,True,2023-06-03 11:00:00
361,2023-06-01 00:44:32,0.8,1,True,2023-06-02 11:00:00
362,2023-06-01 00:44:33,0.8,1,True,2023-06-02 12:30:00
363,2023-06-01 00:44:34,0.8,1,True,2023-06-02 12:30:00
364,2023-06-01 00:44:34,0.8,1,True,2023-06-02 12:30:00
365,2023-06-01 00:44:34,0.8,1,True,2023-06-02 12:30:00
366,2023-06-01 00:44:35,0.8,1,True,2023-06-02 12:30:00
367,2023-06-01 00:44:35,0.8,1,True,2023-06-02 15:00:00
368,2023-06-01 00:44:35,0.8,1,True,2023-06-02 15:30:00
369,2023-06-01 00:44:37,0.8,1,True,2023-06-02 17:00:00
370,2023-06-01 00:44:40,0.8,1,True,2023-06-02 17:00:00
371,2023-06-01 00:44:40,0.8,1,True,2023-06-02 17:00:00
372,2023-06-01 00:44:42,0.8,1,True,2023-06-02 18:00:00
373,2023-06-01 00:44:49,4.0,7,True,2023-06-03 14:00:00
374,2023-06-01 00:45:30,4.0,2,True,2023-06-03 10:00:00
375,2023-06-01 00:45:45,0.2,1,True,2023-06-01 17:30:00
376,2023-06-01 00:45:49,0.8,1,True,2023-06-02 18:00:00
377,2023-06-01 00:45:54,0.8,1,True,2023-06-02 18:00:00
378,2023-06-01 00:47:14,3.2,1,True,2023-06-03 10:30:00
379,2023-06-01 00:47:21,8.0,1,True,2023-06-03 11:30:00
380,2023-06-01 00:47:25,1.6,1,True,2023-06-02 18:00:00
381,2023-06-01 00:48:01,6.0,1,True,2023-06-03 12:00:00
382,2023-06-01 00:48:43,8.0,1,True,2023-06-03 12:30:00
383,2023-06-01 00:48:44,0.2,1,True,2023-06-01 18:00:00
384,2023-06-01 00:48:51,0.2,1,True,2023-06-01 19:00:00
385,2023-06-01 00:49:01,4.0,1,True,2023-06-03 12:00:00
386,2023-06-01 00:49:06,0.8,1,True,2023-06-02 18:00:00
387,2023-06-01 00:49:24,0.8,4,True,2023-06-03 11:00:00
388,2023-06-01 00:49:35,2.4,1,True,2023-06-02 18:30:00
389,2023-06-01 00:49:54,6.4,1,True,2023-06-03 16:00:00
390,2023-06-01 00:49:57,0.4,1,True,2023-06-02 08:30:00
391,2023-06-01 00:49:57,1.6,2,True,2023-06-03 06:30:00
392,2023-06-01 00:50:06,0.8,1,True,2023-06-03 06:00:00
393,2023-06-01 00:50:11,1.6,19,True,2023-06-04 07:00:00
394,2023-06-01 00:50:38,0.5,1,True,2023-06-02 10:00:00
395,2023-06-01 00:50:40,2.4,13,True,2023-06-04 07:30:00
396,2023-06-01 00:51:20,0.4,2,True,2023-06-02 16:30:00
397,2023-06-01 00:51:46,8.0,1,True,2023-06-03 16:00:00
398,2023-06-01 00:52:01,8.0,1,True,2023-06-03 16:30:00
399,2023-06-01 00:52:11,6.0,1,True,2023-06-03 17:00:00
400,2023-06-01 00:52:39,1.6,1,True,2023-06-03 11:30:00
401,2023-06-01 00:52:44,0.5,28,True,2023-06-04 05:30:00
402,2023-06-01 00:52:47,20.0,28,False,
403,2023-06-01 00:52:49,1.6,1,True,2023-06-03 12:30:00
404,2023-06-01 00:53:06,0.8,1,True,2023-06-03 06:30:00
405,2023-06-01 00:53:11,0.8,2,True,2023-06-03 12:30:00
406,2023-06-01 00:53:26,0.5,1,True,2023-06-02 11:30:00
407,2023-06-01 00:53:29,0.8,1,True,2023-06-03 07:00:00
408,2023-06-01 00:54:34,0.8,1,True,2023-06-03 12:30:00
409,2023-06-01 00:54:36,0.8,1,True,2023-06-03 12:30:00
410,2023-06-01 00:54:38,0.8,1,True,2023-06-03 13:30:00
411,2023-06-01 00:54:38,0.8,1,True,2023-06-03 13:30:00
412,2023-06-01 00:54:39,0.8,1,True,2023-06-03 14:00:00
413,2023-06-01 00:54:40,0.8,1,True,2023-06-03 14:00:00
414,2023-06-01 00:54:41,0.8,1,True,2023-06-03 14:00:00
415,2023-06-01 00:54:44,0.8,1,True,2023-06-03 14:30:00
416,2023-06-01 00:54:44,0.8,1,True,2023-06-03 14:30:00
417,2023-06-01 00:54:44,0.8,1,True,2023-06-03 14:30:00
418,2023-06-01 00:54:45,0.8,2,True,2023-06-03 15:00:00
419,2023-06-01 00:54:46,0.8,1,True,2023-06-03 15:00:00
420,2023-06-01 00:54:46,0.8,1,True,2023-06-03 16:30:00
421,2023-06-01 00:54:47,0.8,1,True,2023-06-03 16:30:00
422,2023-06-01 00:54:47,0.8,1,True,2023-06-03 16:30:00
423,2023-06-01 00:54:47,0.8,1,True,2023-06-03 16:30:00
424,2023-06-01 00:54:48,0.8,1,True,2023-06-03 16:30:00
425,2023-06-01 00:54:49,0.8,2,True,2023-06-03 17:00:00
426,2023-06-01 00:54:52,0.8,2,True,2023-06-03 17:00:00
427,2023-06-01 00:54:52,0.8,1,True,2023-06-03 17:00:00
428,2023-06-01 00:55:23,0.2,7,True,2023-06-03 16:00:00
429,2023-06-01 00:56:41,6.0,1,True,2023-06-03 17:30:00
430,2023-06-01 00:56:47,0.8,2,True,2023-06-03 17:00:00
431,2023-06-01 00:57:24,0.2,8,True,2023-06-04 05:30:00
432,2023-06-01 00:57:44,0.4,1,True,2023-06-02 12:30:00
433,2023-06-01 00:57:50,0.8,1,True,2023-06-03 17:30:00
434,2023-06-01 00:57:51,0.8,1,True,2023-06-03 17:30:00
435,2023-06-01 00:57:54,0.5,5,True,2023-06-03 17:30:00
436,2023-06-01 00:57:57,4.8,5,True,2023-06-04 08:00:00
437,2023-06-01 00:58:01,0.5,1,True,2023-06-02 15:00:00
438,2023-06-01 00:58:04,5.0,1,True,2023-06-03 18:00:00
439,2023-06-01 00:58:08,0.4,4,True,2023-06-03 18:00:00
440,2023-06-01 00:58:09,0.8,1,True,2023-06-03 18:00:00
441,2023-06-01 00:58:11,0.4,4,True,2023-06-03 18:00:00
442,2023-06-01 00:58:13,0.4,4,True,2023-06-03 18:30:00
443,2023-06-01 00:58:23,0.8,1,True,2023-06-03 18:30:00
444,2023-06-01 00:58:33,8.0,1,True,2023-06-04 09:30:00
445,2023-06-01 00:59:11,0.4,1,True,2023-06-02 18:00:00
446,2023-06-01 00:59:14,0.4,1,True,2023-06-02 18:30:00
447,2023-06-01 00:59:43,0.5,1,True,2023-06-02 20:00:00
448,2023-06-01 00:59:46,0.8,1,True,2023-06-03 18:30:00
449,2023-06-01 00:59:46,2.4,40,False,
450,2023-06-01 01:00:04,0.8,1,True,2023-06-03 18:30:00
451,2023-06-01 01:00:05,0.5,1,True,2023-06-03 05:30:00
452,2023-06-01 01:00:08,2.2,2,True,2023-06-04 08:30:00
453,2023-06-01 01:01:34,0.8,1,True,2023-06-03 19:00:00
454,2023-06-01 01:01:35,8.0,1,True,2023-06-04 10:00:00
455,2023-06-01 01:01:41,0.8,95,False,
456,2023-06-01 01:01:44,0.8,1,True,2023-06-03 19:00:00
457,2023-06-01 01:01:48,0.8,1,True,2023-06-04 06:00:00
458,2023-06-01 01:02:16,0.8,1,True,2023-06-04 07:00:00
459,2023-06-01 01:02:16,0.8,1,True,2023-06-04 07:30:00
460,2023-06-01 01:02:18,0.8,1,True,2023-06-04 07:30:00
461,2023-06-01 01:02:19,0.8,1,True,2023-06-04 08:30:00
462,2023-06-01 01:02:21,0.8,1,True,2023-06-04 09:00:00
463,2023-06-01 01:02:21,0.8,1,True,2023-06-04 09:00:00
464,2023-06-01 01:02:23,0.8,1,True,2023-06-04 09:00:00
465,2023-06-01 01:02:24,0.8,1,True,2023-06-04 09:00:00
466,2023-06-01 01:02:27,0.8,1,True,2023-06-04 10:00:00
467,2023-06-01 01:02:27,0.8,1,True,2023-06-04 10:00:00
468,2023-06-01 01:02:29,0.8,1,True,2023-06-04 10:00:00
469,2023-06-01 01:02:32,0.8,1,True,2023-06-04 10:30:00
470,2023-06-01 01:02:33,0.5,1,True,2023-06-03 06:00:00
471,2023-06-01 01:02:33,0.8,1,True,2023-06-04 10:30:00
472,2023-06-01 01:02:33,0.8,1,True,2023-06-04 10:30:00
473,2023-06-01 01:02:35,16.0,1,True,2023-06-04 11:00:00
474,2023-06-01 01:02:37,0.8,1,True,2023-06-04 10:30:00
475,2023-06-01 01:02:37,0.08,4,True,2023-06-01 13:30:00
476,2023-06-01 01:02:37,0.8,1,True,2023-06-04 10:30:00
477,2023-06-01 01:02:39,0.8,1,True,2023-06-04 10:30:00
478,2023-06-01 01:02:41,0.8,1,True,2023-06-04 10:30:00
479,2023-06-01 01:02:42,0.8,1,True,2023-06-04 10:30:00
480,2023-06-01 01:02:44,0.8,1,True,2023-06-04 10:30:00
481,2023-06-01 01:02:47,0.8,1,True,2023-06-04 10:30:00
482,2023-06-01 01:02:47,0.8,1,True,2023-06-04 10:30:00
483,2023-06-01 01:02:48,0.8,1,True,2023-06-04 10:30:00
484,2023-06-01 01:02:51,0.8,1,True,2023-06-04 10:30:00
485,2023-06-01 01:02:54,0.8,1,True,2023-06-04 10:30:00
486,2023-06-01 01:02:55,0.8,1,True,2023-06-04 10:30:00
487,2023-06-01 01:02:56,0.8,1,True,2023-06-04 10:30:00
488,2023-06-01 01:02:57,0.8,1,True,2023-06-04 10:30:00
489,2023-06-01 01:03:00,0.8,1,True,2023-06-04 10:30:00
490,2023-06-01 01:03:00,0.8,1,True,2023-06-04 10:30:00
491,2023-06-01 01:03:05,0.8,1,True,2023-06-04 10:30:00
492,2023-06-01 01:03:05,0.8,1,True,2023-06-04 10:30:00
493,2023-06-01 01:03:08,0.8,1,True,2023-06-04 11:00:00
494,2023-06-01 01:03:09,0.8,1,True,2023-06-04 11:00:00
495,2023-06-01 01:03:09,0.8,1,True,2023-06-04 11:30:00
496,2023-06-01 01:03:09,0.8,1,True,2023-06-04 11:30:00
497,2023-06-01 01:03:10,0.5,1,True,2023-06-03 06:30:00
498,2023-06-01 01:03:12,0.8,1,True,2023-06-04 11:30:00
499,2023-06-01 01:03:12,0.08,3,True,2023-06-01 19:30:00
500,2023-06-01 01:03:13,0.8,1,True,2023-06-04 11:30:00
501,2023-06-01 01:03:13,0.8,1,True,2023-06-04 11:30:00
502,2023-06-01 01:03:17,0.8,1,True,2023-06-04 11:30:00
503,2023-06-01 01:03:18,0.8,1,True,2023-06-04 11:30:00
504,2023-06-01 01:03:19,0.8,1,True,2023-06-04 11:30:00
505,2023-06-01 01:03:19,0.8,1,True,2023-06-04 11:30:00
506,2023-06-01 01:03:19,0.8,1,True,2023-06-04 11:30:00
507,2023-06-01 01:03:20,0.8,1,True,2023-06-04 11:30:00
508,2023-06-01 01:03:24,0.8,1,True,2023-06-04 11:30:00
509,2023-06-01 01:03:28,0.8,1,True,2023-06-04 11:30:00
510,2023-06-01 01:03:28,0.08,4,True,2023-06-02 05:30:00
511,2023-06-01 01:03:30,0.8,1,True,2023-06-04 11:30:00
512,2023-06-01 01:03:30,0.8,1,True,2023-06-04 11:30:00
513,2023-06-01 01:03:31,0.8,1,True,2023-06-04 11:30:00
514,2023-06-01 01:03:34,0.8,1,True,2023-06-04 11:30:00
515,2023-06-01 01:03:35,0.8,1,True,2023-06-04 11:30:00
516,2023-06-01 01:03:35,0.8,1,True,2023-06-04 11:30:00
517,2023-06-01 01:03:36,0.8,1,True,2023-06-04 11:30:00
518,2023-06-01 01:03:51,0.8,1,True,2023-06-04 11:30:00
519,2023-06-01 01:03:51,0.08,3,True,2023-06-01 19:30:00
520,2023-06-01 01:04:09,0.8,1,True,2023-06-04 11:30:00
521,2023-06-01 01:04:15,0.08,3,True,2023-06-02 10:30:00
522,2023-06-01 01:04:27,0.8,1,True,2023-06-04 12:00:00
523,2023-06-01 01:04:29,0.08,4,True,2023-06-02 11:00:00
524,2023-06-01 01:04:35,0.8,1,True,2023-06-04 12:00:00
525,2023-06-01 01:04:39,0.08,2,True,2023-06-01 18:00:00
526,2023-06-01 01:04:40,0.5,1,True,2023-06-03 10:30:00
527,2023-06-01 01:04:42,2.0,1,True,2023-06-04 12:00:00
528,2023-06-01 01:04:44,0.5,8,True,2023-06-04 12:00:00
529,2023-06-01 01:04:50,0.08,5,True,2023-06-02 14:00:00
530,2023-06-01 01:05:06,0.8,1,True,2023-06-04 12:00:00
531,2023-06-01 01:05:20,0.8,1,True,2023-06-04 12:00:00
532,2023-06-01 01:05:25,0.08,2,True,2023-06-02 07:30:00
533,2023-06-01 01:05:28,0.8,1,True,2023-06-04 12:00:00
534,2023-06-01 01:05:45,0.08,2,True,2023-06-02 11:00:00
535,2023-06-01 01:05:47,0.4,1,True,2023-06-03 09:30:00
536,2023-06-01 01:05:53,0.5,1,True,2023-06-03 11:00:00
537,2023-06-01 01:05:56,11.8,7,True,2023-06-04 12:30:00
538,2023-06-01 01:06:03,0.8,2,True,2023-06-04 12:00:00
539,2023-06-01 01:06:11,0.08,3,True,2023-06-02 14:00:00
540,2023-06-01 01:06:19,0.8,2,True,2023-06-04 12:00:00
541,2023-06-01 01:06:33,4.0,8,True,2023-06-04 12:00:00
542,2023-06-01 01:06:36,1.6,1,True,2023-06-04 12:00:00
543,2023-06-01 01:06:37,0.8,2,True,2023-06-04 13:00:00
544,2023-06-01 01:06:53,0.8,2,True,2023-06-04 13:00:00
545,2023-06-01 01:06:59,0.2,1,True,2023-06-02 08:00:00
546,2023-06-01 01:07:09,0.8,1,True,2023-06-04 12:00:00
547,2023-06-01 01:07:11,0.08,2,True,2023-06-02 12:30:00
548,2023-06-01 01:07:35,0.08,3,True,2023-06-02 15:30:00
549,2023-06-01 01:07:45,0.08,3,True,2023-06-02 16:30:00
550,2023-06-01 01:07:56,0.08,2,True,2023-06-02 12:30:00
551,2023-06-01 01:08:05,0.08,2,True,2023-06-02 17:30:00
552,2023-06-01 01:08:12,0.08,3,True,2023-06-02 18:00:00
553,2023-06-01 01:08:33,0.08,2,True,2023-06-02 18:00:00
554,2023-06-01 01:08:44,0.08,3,True,2023-06-03 05:00:00
555,2023-06-01 01:08:44,0.08,2,True,2023-06-03 07:30:00
556,2023-06-01 01:08:58,0.08,3,True,2023-06-03 09:00:00
557,2023-06-01 01:09:04,8.0,1,True,2023-06-04 16:00:00
558,2023-06-01 01:09:05,0.08,3,True,2023-06-03 12:00:00
559,2023-06-01 01:09:20,0.5,1,True,2023-06-03 12:00:00
560,2023-06-01 01:09:23,4.0,1,True,2023-06-04 14:00:00
561,2023-06-01 01:09:35,0.8,12,True,2023-06-04 14:30:00
562,2023-06-01 01:09:44,0.08,3,True,2023-06-03 12:00:00
563,2023-06-01 01:09:59,0.08,3,True,2023-06-03 12:00:00
564,2023-06-01 01:10:25,0.08,4,True,2023-06-03 12:30:00
565,2023-06-01 01:10:43,0.8,1,True,2023-06-04 12:00:00
566,2023-06-01 01:10:49,0.08,4,True,2023-06-03 14:30:00
567,2023-06-01 01:11:19,0.08,3,True,2023-06-03 15:00:00
568,2023-06-01 01:11:40,0.08,3,True,2023-06-03 16:00:00
569,2023-06-01 01:11:43,3.2,7,True,2023-06-04 15:30:00
570,2023-06-01 01:11:47,3.2,5,True,2023-06-04 16:00:00
571,2023-06-01 01:12:33,0.8,2,True,2023-06-04 14:30:00
572,2023-06-01 01:12:35,0.8,1,True,2023-06-04 12:00:00
573,2023-06-01 01:12:40,0.08,3,True,2023-06-03 17:30:00
574,2023-06-01 01:12:49,0.5,1,True,2023-06-03 19:00:00
575,2023-06-01 01:12:52,2.4,1,True,2023-06-04 14:30:00
576,2023-06-01 01:12:53,0.08,3,True,2023-06-03 17:30:00
577,2023-06-01 01:13:06,0.8,1,True,2023-06-04 12:00:00
578,2023-06-01 01:13:13,0.5,1,True,2023-06-03 20:00:00
579,2023-06-01 01:13:16,0.8,1,True,2023-06-04 12:00:00
580,2023-06-01 01:13:22,0.08,3,True,2023-06-04 06:00:00
581,2023-06-01 01:13:47,0.08,2,True,2023-06-03 16:00:00
582,2023-06-01 01:13:56,0.08,4,True,2023-06-04 09:00:00
583,2023-06-01 01:14:05,0.08,5,True,2023-06-04 09:00:00
584,2023-06-01 01:14:13,0.08,4,True,2023-06-04 09:00:00
585,2023-06-01 01:14:25,0.08,3,True,2023-06-04 06:00:00
586,2023-06-01 01:14:31,0.08,3,True,2023-06-04 06:00:00
587,2023-06-01 01:14:40,0.08,2,True,2023-06-03 16:00:00
588,2023-06-01 01:14:49,0.08,3,True,2023-06-04 09:00:00
589,2023-06-01 01:14:56,0.8,1,True,2023-06-04 15:00:00
590,2023-06-01 01:15:06,0.8,45,False,
591,2023-06-01 01:15:12,0.08,3,True,2023-06-04 09:00:00
592,2023-06-01 01:15:15,8.0,1,True,2023-06-04 16:30:00
593,2023-06-01 01:15:23,0.8,1,True,2023-06-04 15:00:00
594,2023-06-01 01:15:32,0.8,1,True,2023-06-04 16:00:00
595,2023-06-01 01:15:38,0.08,2,True,2023-06-04 06:30:00
596,2023-06-01 01:15:57,0.08,3,True,2023-06-04 10:30:00
597,2023-06-01 01:16:11,0.08,4,True,2023-06-04 11:00:00
598,2023-06-01 01:16:13,0.5,1,True,2023-06-04 15:00:00
599,2023-06-01 01:16:15,0.08,3,True,2023-06-04 11:00:00
600,2023-06-01 01:16:16,0.8,1,True,2023-06-04 16:00:00
601,2023-06-01 01:16:48,0.5,1,True,2023-06-04 15:30:00
602,2023-06-01 01:16:49,8.0,1,True,2023-06-04 17:00:00
603,2023-06-01 01:16:51,0.8,1,True,2023-06-04 16:00:00
604,2023-06-01 01:16:51,2.4,1,True,2023-06-04 16:30:00
605,2023-06-01 01:16:52,8.0,1,True,2023-06-05 10:30:00
606,2023-06-01 01:16:58,0.08,4,True,2023-06-04 13:00:00
607,2023-06-01 01:17:13,0.08,2,True,2023-06-04 06:30:00
608,2023-06-01 01:17:16,0.8,3,True,2023-06-04 17:30:00
609,2023-06-01 01:17:19,0.8,3,True,2023-06-04 17:30:00
610,2023-06-01 01:17:24,0.5,15,True,2023-06-05 11:00:00
611,2023-06-01 01:17:26,8.0,15,True,2023-06-05 11:00:00
612,2023-06-01 01:17:32,0.2,16,True,2023-06-05 11:00:00
613,2023-06-01 01:17:37,0.8,2,True,2023-06-04 18:30:00
614,2023-06-01 01:18:27,0.08,2,True,2023-06-04 09:00:00
615,2023-06-01 01:18:39,3.2,7,True,2023-06-05 11:30:00
616,2023-06-01 01:18:39,0.8,1,True,2023-06-04 16:00:00
617,2023-06-01 01:18:41,1.6,1,True,2023-06-04 17:30:00
618,2023-06-01 01:18:44,0.08,2,True,2023-06-04 11:30:00
619,2023-06-01 01:18:48,0.8,1,True,2023-06-04 17:30:00
620,2023-06-01 01:18:51,0.8,6,True,2023-06-05 06:00:00
621,2023-06-01 01:18:52,4.8,1,True,2023-06-05 09:00:00
622,2023-06-01 01:18:52,0.5,1,True,2023-06-04 16:00:00
623,2023-06-01 01:18:54,8.2,2,True,2023-06-05 13:00:00
624,2023-06-01 01:18:57,0.08,4,True,2023-06-04 15:30:00
625,2023-06-01 01:19:13,0.08,3,True,2023-06-04 15:30:00
626,2023-06-01 01:19:23,0.8,1,True,2023-06-04 17:30:00
627,2023-06-01 01:19:33,4.0,13,True,2023-06-06 09:00:00
628,2023-06-01 01:19:37,0.08,4,True,2023-06-04 16:30:00
629,2023-06-01 01:19:51,0.8,1,True,2023-06-04 19:00:00
630,2023-06-01 01:20:08,0.08,6,True,2023-06-05 06:30:00
631,2023-06-01 01:20:09,0.8,1,True,2023-06-04 19:00:00
632,2023-06-01 01:20:09,0.8,1,True,2023-06-04 19:30:00
633,2023-06-01 01:20:09,0.8,1,True,2023-06-05 06:30:00
634,2023-06-01 01:20:10,0.8,1,True,2023-06-05 07:00:00
635,2023-06-01 01:20:11,0.8,1,True,2023-06-05 07:00:00
636,2023-06-01 01:20:11,0.8,1,True,2023-06-05 07:30:00
637,2023-06-01 01:20:11,0.8,1,True,2023-06-05 07:30:00
638,2023-06-01 01:20:11,0.8,1,True,2023-06-05 08:00:00
639,2023-06-01 01:20:12,0.8,1,True,2023-06-05 08:00:00
640,2023-06-01 01:20:12,0.8,1,True,2023-06-05 08:00:00
641,2023-06-01 01:20:14,0.8,1,True,2023-06-05 08:30:00
642,2023-06-01 01:20:17,0.08,5,True,2023-06-05 06:30:00
643,2023-06-01 01:20:28,0.08,4,True,2023-06-04 16:30:00
644,2023-06-01 01:20:56,0.08,4,True,2023-06-04 16:30:00
645,2023-06-01 01:20:59,0.8,3,True,2023-06-05 11:00:00
646,2023-06-01 01:21:21,0.08,4,True,2023-06-04 16:30:00
647,2023-06-01 01:21:25,0.8,2,True,2023-06-05 09:30:00
648,2023-06-01 01:21:31,0.8,2,True,2023-06-05 09:30:00
649,2023-06-01 01:21:41,0.08,4,True,2023-06-04 19:00:00
650,2023-06-01 01:21:43,0.8,2,True,2023-06-05 09:30:00
651,2023-06-01 01:21:59,0.08,4,True,2023-06-05 06:30:00
652,2023-06-01 01:22:15,0.08,4,True,2023-06-05 06:30:00
653,2023-06-01 01:22:30,0.8,3,True,2023-06-05 13:30:00
654,2023-06-01 01:22:31,0.8,3,True,2023-06-05 13:30:00
655,2023-06-01 01:22:36,0.08,3,True,2023-06-05 06:30:00
656,2023-06-01 01:22:38,0.8,4,True,2023-06-05 13:30:00
657,2023-06-01 01:22:55,0.08,3,True,2023-06-05 07:00:00
658,2023-06-01 01:23:13,2.0,2,True,2023-06-05 09:30:00
659,2023-06-01 01:23:30,0.4,1,True,2023-06-03 12:30:00
660,2023-06-01 01:23:55,0.5,1,True,2023-06-05 08:30:00
661,2023-06-01 01:23:58,4.8,6,True,2023-06-05 14:00:00
662,2023-06-01 01:24:02,0.08,4,True,2023-06-05 07:00:00
663,2023-06-01 01:24:13,0.8,1,True,2023-06-05 08:30:00
664,2023-06-01 01:24:25,4.8,1,True,2023-06-05 14:00:00
665,2023-06-01 01:24:26,0.8,1,True,2023-06-05 08:30:00
666,2023-06-01 01:24:43,0.08,3,True,2023-06-05 07:00:00
667,2023-06-01 01:24:44,0.8,4,True,2023-06-05 13:30:00
668,2023-06-01 01:24:59,0.08,3,True,2023-06-05 07:30:00
669,2023-06-01 01:25:22,0.08,3,True,2023-06-05 08:00:00
670,2023-06-01 01:25:30,1.6,1,True,2023-06-05 09:30:00
671,2023-06-01 01:25:31,0.2,1,True,2023-06-02 19:00:00
672,2023-06-01 01:25:34,0.08,2,True,2023-06-04 11:30:00
673,2023-06-01 01:26:15,0.5,1,True,2023-06-05 08:30:00
674,2023-06-01 01:26:18,3.2,1,True,2023-06-05 12:30:00
675,2023-06-01 01:26:20,0.08,3,True,2023-06-05 09:00:00
676,2023-06-01 01:26:38,0.08,3,True,2023-06-05 09:00:00
677,2023-06-01 01:26:51,0.08,3,True,2023-06-05 09:00:00
678,2023-06-01 01:27:00,0.08,4,True,2023-06-05 13:30:00
679,2023-06-01 01:27:09,0.08,4,True,2023-06-05 14:00:00
680,2023-06-01 01:27:33,0.08,4,True,2023-06-05 14:30:00
681,2023-06-01 01:27:36,0.5,1,True,2023-06-05 10:00:00
682,2023-06-01 01:27:39,16.0,1,True,2023-06-07 10:00:00
683,2023-06-01 01:27:42,0.08,4,True,2023-06-05 14:30:00
684,2023-06-01 01:28:11,0.08,4,True,2023-06-05 14:30:00
685,2023-06-01 01:28:31,0.5,1,True,2023-06-05 10:00:00
686,2023-06-01 01:28:34,40.0,1,False,
687,2023-06-01 01:29:45,0.08,2,True,2023-06-04 17:30:00
688,2023-06-01 01:30:13,0.08,4,True,2023-06-05 14:30:00
689,2023-06-01 01:30:15,8.0,1,True,2023-06-05 15:00:00
690,2023-06-01 01:30:18,0.8,1,True,2023-06-05 10:00:00
691,2023-06-01 01:30:22,0.8,1,True,2023-06-05 12:00:00
692,2023-06-01 01:30:34,0.08,3,True,2023-06-05 09:00:00
693,2023-06-01 01:30:49,0.5,1,True,2023-06-05 12:00:00
694,2023-06-01 01:30:52,0.2,1,True,2023-06-02 20:30:00
695,2023-06-01 01:30:53,0.4,1,True,2023-06-03 15:00:00
696,2023-06-01 01:31:00,0.08,4,True,2023-06-05 14:30:00
697,2023-06-01 01:31:08,0.5,1,True,2023-06-05 12:00:00
698,2023-06-01 01:31:11,0.8,1,True,2023-06-05 12:30:00
699,2023-06-01 01:31:39,0.4,1,True,2023-06-05 10:00:00
700,2023-06-01 01:31:46,0.08,5,True,2023-06-05 14:30:00
701,2023-06-01 01:32:29,0.8,1,True,2023-06-05 14:30:00
702,2023-06-01 01:32:30,0.2,13,True,2023-06-05 14:30:00
703,2023-06-01 01:32:38,0.08,3,True,2023-06-05 14:30:00
704,2023-06-01 01:32:48,0.2,1,True,2023-06-03 06:30:00
705,2023-06-01 01:32:48,0.2,1,True,2023-06-03 10:30:00
706,2023-06-01 01:32:48,0.08,2,True,2023-06-04 17:30:00
707,2023-06-01 01:32:48,0.08,3,True,2023-06-05 14:30:00
708,2023-06-01 01:32:48,0.5,1,True,2023-06-05 12:30:00
709,2023-06-01 01:32:48,0.5,1,True,2023-06-05 14:30:00
710,2023-06-01 01:32:50,0.08,3,True,2023-06-05 14:30:00
711,2023-06-01 01:32:51,3.2,1,True,2023-06-05 15:30:00
712,2023-06-01 01:32:51,40.0,1,False,
713,2023-06-01 01:32:59,0.08,5,True,2023-06-05 14:30:00
714,2023-06-01 01:33:27,0.8,1,True,2023-06-05 14:30:00
715,2023-06-01 01:33:37,0.8,10,True,2023-06-05 15:30:00
716,2023-06-01 01:33:45,0.2,1,True,2023-06-03 13:30:00
717,2023-06-01 01:33:46,0.08,3,True,2023-06-05 14:30:00
718,2023-06-01 01:33:56,8.0,1,True,2023-06-06 14:00:00
719,2023-06-01 01:33:56,24.0,2,True,2023-06-07 11:30:00
720,2023-06-01 01:33:59,0.08,3,True,2023-06-05 14:30:00
721,2023-06-01 01:34:08,0.08,4,True,2023-06-05 14:30:00
722,2023-06-01 01:34:20,0.8,1,True,2023-06-05 14:30:00
723,2023-06-01 01:34:21,0.08,4,True,2023-06-05 14:30:00
724,2023-06-01 01:34:25,0.8,1,True,2023-06-05 15:30:00
725,2023-06-01 01:34:32,0.4,1,True,2023-06-05 11:00:00
726,2023-06-01 01:34:45,0.08,5,True,2023-06-05 14:30:00
727,2023-06-01 01:35:08,0.8,1,True,2023-06-05 15:30:00
728,2023-06-01 01:35:08,0.08,2,True,2023-06-04 17:30:00
729,2023-06-01 01:36:11,0.08,3,True,2023-06-05 15:30:00
730,2023-06-01 01:36:21,0.08,2,True,2023-06-04 17:30:00
731,2023-06-01 01:36:40,0.08,4,True,2023-06-05 15:30:00
732,2023-06-01 01:36:43,0.2,2,True,2023-06-04 19:00:00
733,2023-06-01 01:36:50,0.08,5,True,2023-06-05 15:30:00
734,2023-06-01 01:36:57,3.2,1,True,2023-06-05 16:00:00
735,2023-06-01 01:37:06,0.08,5,True,2023-06-05 15:30:00
736,2023-06-01 01:37:31,0.08,5,True,2023-06-05 15:30:00
737,2023-06-01 01:37:45,3.2,1,True,2023-06-05 16:00:00
738,2023-06-01 01:37:49,0.08,5,True,2023-06-05 15:30:00
739,2023-06-01 01:38:09,4.0,1,True,2023-06-05 16:30:00
740,2023-06-01 01:38:14,0.8,1,True,2023-06-05 15:30:00
741,2023-06-01 01:38:21,0.2,1,True,2023-06-03 19:30:00
742,2023-06-01 01:38:36,0.2,1,True,2023-06-03 20:30:00
743,2023-06-01 01:38:37,6.4,3,True,2023-06-06 15:30:00
744,2023-06-01 01:38:41,0.8,1,True,2023-06-05 15:30:00
745,2023-06-01 01:39:00,0.8,1,True,2023-06-05 15:30:00
746,2023-06-01 01:39:00,0.8,1,True,2023-06-05 17:00:00
747,2023-06-01 01:39:01,0.8,1,True,2023-06-05 17:00:00
748,2023-06-01 01:39:05,0.8,1,True,2023-06-05 17:00:00
749,2023-06-01 01:39:05,0.8,1,True,2023-06-05 17:00:00
750,2023-06-01 01:39:05,0.8,1,True,2023-06-05 17:00:00
751,2023-06-01 01:39:05,0.8,1,True,2023-06-05 17:00:00
752,2023-06-01 01:39:05,0.8,1,True,2023-06-05 17:00:00
753,2023-06-01 01:39:06,0.8,1,True,2023-06-05 17:00:00
754,2023-06-01 01:39:06,0.8,1,True,2023-06-05 17:30:00
755,2023-06-01 01:39:06,0.8,1,True,2023-06-05 17:30:00
756,2023-06-01 01:39:08,0.8,1,True,2023-06-05 17:30:00
757,2023-06-01 01:39:12,0.8,1,True,2023-06-05 17:30:00
758,2023-06-01 01:39:12,0.8,1,True,2023-06-05 18:00:00
759,2023-06-01 01:39:12,0.8,1,True,2023-06-05 18:30:00
760,2023-06-01 01:39:12,0.8,1,True,2023-06-05 18:30:00
761,2023-06-01 01:39:13,0.8,1,True,2023-06-05 18:30:00
762,2023-06-01 01:39:13,0.8,1,True,2023-06-05 18:30:00
763,2023-06-01 01:39:13,0.8,1,True,2023-06-05 18:30:00
764,2023-06-01 01:39:13,0.8,1,True,2023-06-05 18:30:00
765,2023-06-01 01:39:14,0.8,1,True,2023-06-05 18:30:00
766,2023-06-01 01:39:19,0.8,1,True,2023-06-05 19:00:00
767,2023-06-01 01:39:20,0.8,1,True,2023-06-05 19:00:00
768,2023-06-01 01:39:20,0.8,1,True,2023-06-05 19:00:00
769,2023-06-01 01:39:20,0.8,1,True,2023-06-05 19:00:00
770,2023-06-01 01:39:20,0.8,1,True,2023-06-05 19:30:00
771,2023-06-01 01:39:20,0.8,1,True,2023-06-06 07:00:00
772,2023-06-01 01:39:20,0.8,1,True,2023-06-06 07:30:00
773,2023-06-01 01:39:25,0.8,1,True,2023-06-06 07:30:00
774,2023-06-01 01:39:26,0.8,1,True,2023-06-06 08:00:00
775,2023-06-01 01:39:26,0.8,1,True,2023-06-06 08:00:00
776,2023-06-01 01:39:29,0.8,1,True,2023-06-06 08:00:00
777,2023-06-01 01:39:31,0.8,1,True,2023-06-06 08:30:00
778,2023-06-01 01:39:31,0.8,1,True,2023-06-06 08:30:00
779,2023-06-01 01:39:31,0.8,1,True,2023-06-06 08:30:00
780,2023-06-01 01:39:31,0.8,1,True,2023-06-06 08:30:00
781,2023-06-01 01:39:31,0.8,1,True,2023-06-06 10:00:00
782,2023-06-01 01:39:31,0.8,1,True,2023-06-06 10:30:00
783,2023-06-01 01:39:34,0.8,1,True,2023-06-06 10:30:00
784,2023-06-01 01:39:34,0.8,1,True,2023-06-06 11:00:00
785,2023-06-01 01:39:34,0.8,1,True,2023-06-06 11:00:00
786,2023-06-01 01:39:34,0.08,5,True,2023-06-05 16:30:00
787,2023-06-01 01:39:35,0.8,1,True,2023-06-06 11:00:00
788,2023-06-01 01:39:35,0.8,1,True,2023-06-06 11:00:00
789,2023-06-01 01:39:36,0.8,1,True,2023-06-06 11:00:00
790,2023-06-01 01:39:36,0.8,1,True,2023-06-06 11:30:00
791,2023-06-01 01:39:37,0.8,1,True,2023-06-06 11:30:00
792,2023-06-01 01:39:37,0.8,1,True,2023-06-06 11:30:00
793,2023-06-01 01:39:37,0.8,1,True,2023-06-06 11:30:00
794,2023-06-01 01:39:38,0.8,1,True,2023-06-06 11:30:00
795,2023-06-01 01:39:40,0.8,1,True,2023-06-06 12:00:00
796,2023-06-01 01:39:40,0.8,1,True,2023-06-06 12:00:00
797,2023-06-01 01:39:40,0.8,1,True,2023-06-06 12:00:00
798,2023-06-01 01:39:40,0.8,1,True,2023-06-06 12:00:00
799,2023-06-01 01:39:40,0.8,1,True,2023-06-06 12:00:00
800,2023-06-01 01:39:40,0.8,1,True,2023-06-06 12:00:00
801,2023-06-01 01:39:40,0.8,1,True,2023-06-06 12:30:00
802,2023-06-01 01:39:43,0.8,1,True,2023-06-06 12:30:00
803,2023-06-01 01:39:43,0.8,1,True,2023-06-06 12:30:00
804,2023-06-01 01:39:44,0.8,1,True,2023-06-06 12:30:00
805,2023-06-01 01:39:44,0.8,1,True,2023-06-06 12:30:00
806,2023-06-01 01:39:46,0.8,1,True,2023-06-06 13:00:00
807,2023-06-01 01:39:46,0.8,1,True,2023-06-06 13:00:00
808,2023-06-01 01:39:46,0.8,1,True,2023-06-06 13:00:00
809,2023-06-01 01:39:48,0.8,1,True,2023-06-06 13:00:00
810,2023-06-01 01:39:48,0.8,1,True,2023-06-06 13:00:00
811,2023-06-01 01:39:49,0.8,1,True,2023-06-06 13:00:00
812,2023-06-01 01:39:49,0.8,13,True,2023-06-07 12:30:00
813,2023-06-01 01:39:53,0.8,1,True,2023-06-06 13:00:00
814,2023-06-01 01:39:54,0.08,2,True,2023-06-04 19:00:00
815,2023-06-01 01:39:55,0.08,3,True,2023-06-05 16:30:00
816,2023-06-01 01:39:56,0.08,2,True,2023-06-04 19:00:00
817,2023-06-01 01:39:56,0.8,1,True,2023-06-06 13:30:00
818,2023-06-01 01:39:58,0.08,2,True,2023-06-05 12:00:00
819,2023-06-01 01:40:14,0.08,4,True,2023-06-06 05:30:00
820,2023-06-01 01:40:43,0.08,4,True,2023-06-06 06:00:00
821,2023-06-01 01:41:06,0.08,3,True,2023-06-05 16:30:00
822,2023-06-01 01:41:07,0.2,1,True,2023-06-04 09:30:00
823,2023-06-01 01:42:09,0.08,3,True,2023-06-05 16:30:00
824,2023-06-01 01:42:45,0.08,6,True,2023-06-06 06:00:00
825,2023-06-01 01:43:04,0.08,2,True,2023-06-05 16:30:00
826,2023-06-01 01:43:08,0.4,1,True,2023-06-05 14:30:00
827,2023-06-01 01:43:09,16.0,3,True,2023-06-07 12:30:00
828,2023-06-01 01:43:48,0.08,6,True,2023-06-06 06:00:00
829,2023-06-01 01:44:04,0.08,6,True,2023-06-06 09:00:00
830,2023-06-01 01:44:11,0.5,1,True,2023-06-05 18:30:00
831,2023-06-01 01:44:29,0.08,3,True,2023-06-06 06:00:00
832,2023-06-01 01:44:33,2.4,1,True,2023-06-06 13:30:00
833,2023-06-01 01:44:38,0.8,1,True,2023-06-06 13:30:00
834,2023-06-01 01:44:38,0.8,1,True,2023-06-06 13:30:00
835,2023-06-01 01:44:40,0.8,2,True,2023-06-06 14:30:00
836,2023-06-01 01:44:40,0.8,1,True,2023-06-06 13:30:00
837,2023-06-01 01:44:41,0.8,1,True,2023-06-06 13:30:00
838,2023-06-01 01:44:41,0.8,1,True,2023-06-06 13:30:00
839,2023-06-01 01:44:50,0.5,1,True,2023-06-05 19:30:00
840,2023-06-01 01:44:54,0.08,5,True,2023-06-06 11:30:00
841,2023-06-01 01:45:13,0.08,3,True,2023-06-06 06:30:00
842,2023-06-01 01:45:24,0.08,5,True,2023-06-06 13:30:00
843,2023-06-01 01:45:32,0.5,1,True,2023-06-06 09:30:00
844,2023-06-01 01:45:38,0.5,4,True,2023-06-06 14:00:00
845,2023-06-01 01:45:46,0.08,2,True,2023-06-06 06:30:00
846,2023-06-01 01:45:58,4.0,3,True,2023-06-06 14:30:00
847,2023-06-01 01:46:05,0.5,1,True,2023-06-06 10:30:00
848,2023-06-01 01:46:07,0.8,1,True,2023-06-06 14:30:00
849,2023-06-01 01:46:08,0.08,4,True,2023-06-06 06:30:00
850,2023-06-01 01:46:16,0.5,1,True,2023-06-06 12:30:00
851,2023-06-01 01:46:17,0.08,5,True,2023-06-06 13:30:00
852,2023-06-01 01:46:31,0.08,5,True,2023-06-06 14:30:00
853,2023-06-01 01:46:36,0.8,2,True,2023-06-06 16:00:00
854,2023-06-01 01:46:38,0.08,3,True,2023-06-06 14:30:00
855,2023-06-01 01:46:47,0.08,4,True,2023-06-06 14:30:00
856,2023-06-01 01:46:51,1.6,4,True,2023-06-06 16:00:00
857,2023-06-01 01:46:53,1.6,3,True,2023-06-06 17:00:00
858,2023-06-01 01:46:55,1.6,2,True,2023-06-06 17:00:00
859,2023-06-01 01:46:55,0.8,2,True,2023-06-06 16:00:00
860,2023-06-01 01:46:59,1.6,4,True,2023-06-06 17:00:00
861,2023-06-01 01:46:59,0.08,3,True,2023-06-06 16:00:00
862,2023-06-01 01:46:59,0.5,1,True,2023-06-06 14:30:00
863,2023-06-01 01:47:02,1.6,5,True,2023-06-07 06:30:00
864,2023-06-01 01:47:03,1.6,6,True,2023-06-07 07:00:00
865,2023-06-01 01:47:04,1.6,7,True,2023-06-07 12:30:00
866,2023-06-01 01:47:04,1.6,6,True,2023-06-07 12:30:00
867,2023-06-01 01:47:04,1.6,8,True,2023-06-07 12:30:00
868,2023-06-01 01:47:04,0.08,4,True,2023-06-06 16:00:00
869,2023-06-01 01:47:10,1.6,8,True,2023-06-07 12:30:00
870,2023-06-01 01:47:15,0.08,4,True,2023-06-06 16:00:00
871,2023-06-01 01:47:28,0.08,5,True,2023-06-06 16:00:00
872,2023-06-01 01:47:32,0.2,6,True,2023-06-06 16:00:00
873,2023-06-01 01:47:32,0.2,5,True,2023-06-06 17:00:00
874,2023-06-01 01:47:32,0.2,6,True,2023-06-06 17:00:00
875,2023-06-01 01:47:32,0.2,6,True,2023-06-06 17:00:00
876,2023-06-01 01:47:32,0.2,6,True,2023-06-06 18:00:00
877,2023-06-01 01:47:32,0.2,5,True,2023-06-06 18:00:00
878,2023-06-01 01:47:33,0.2,8,True,2023-06-07 05:30:00
879,2023-06-01 01:47:33,0.2,6,True,2023-06-07 05:30:00
880,2023-06-01 01:47:33,0.2,6,True,2023-06-07 06:00:00
881,2023-06-01 01:47:33,0.2,6,True,2023-06-07 06:00:00
882,2023-06-01 01:47:37,0.08,5,True,2023-06-06 18:00:00
883,2023-06-01 01:47:48,0.08,4,True,2023-06-06 18:00:00
884,2023-06-01 01:47:54,0.08,5,True,2023-06-06 18:00:00
885,2023-06-01 01:47:59,0.8,1,True,2023-06-06 16:00:00
886,2023-06-01 01:48:03,0.08,3,True,2023-06-06 16:00:00
887,2023-06-01 01:48:13,0.08,3,True,2023-06-06 18:00:00
888,2023-06-01 01:48:22,0.08,6,True,2023-06-07 05:30:00
889,2023-06-01 01:48:29,0.8,1,True,2023-06-06 17:00:00
890,2023-06-01 01:48:29,0.08,6,True,2023-06-07 07:00:00
891,2023-06-01 01:48:37,0.8,1,True,2023-06-06 17:00:00
892,2023-06-01 01:48:39,0.08,4,True,2023-06-06 18:00:00
893,2023-06-01 01:48:48,0.2,1,True,2023-06-04 20:30:00
894,2023-06-01 01:48:52,0.5,2,True,2023-06-06 18:00:00
895,2023-06-01 01:48:55,4.0,2,True,2023-06-07 08:30:00
896,2023-06-01 01:48:57,0.08,4,True,2023-06-06 18:00:00
897,2023-06-01 01:49:06,0.08,5,True,2023-06-06 18:00:00
898,2023-06-01 01:49:11,0.8,4,True,2023-06-07 07:30:00
899,2023-06-01 01:49:16,0.5,1,True,2023-06-06 14:30:00
900,2023-06-01 01:49:19,0.5,4,True,2023-06-06 18:00:00
901,2023-06-01 01:49:20,24.0,1,False,
902,2023-06-01 01:49:21,4.0,4,True,2023-06-07 14:00:00
903,2023-06-01 01:49:29,0.08,4,True,2023-06-07 07:00:00
904,2023-06-01 01:49:39,0.8,1,True,2023-06-06 17:00:00
905,2023-06-01 01:49:39,0.08,5,True,2023-06-07 07:30:00
906,2023-06-01 01:49:40,0.8,1,True,2023-06-06 17:00:00
907,2023-06-01 01:49:47,0.08,2,True,2023-06-06 10:00:00
908,2023-06-01 01:50:03,0.08,3,True,2023-06-06 18:00:00
909,2023-06-01 01:50:10,0.5,1,True,2023-06-06 16:00:00
910,2023-06-01 01:50:13,0.08,4,True,2023-06-07 07:30:00
911,2023-06-01 01:50:20,0.08,2,True,2023-06-06 11:30:00
912,2023-06-01 01:50:25,6.4,1,True,2023-06-07 09:30:00
913,2023-06-01 01:50:25,0.5,1,True,2023-06-06 17:00:00
914,2023-06-01 01:50:26,0.8,3,True,2023-06-07 07:30:00
915,2023-06-01 01:50:38,0.08,4,True,2023-06-07 08:00:00
916,2023-06-01 01:50:48,24.0,1,False,
917,2023-06-01 01:50:49,0.08,3,True,2023-06-06 18:00:00
918,2023-06-01 01:50:51,0.5,1,True,2023-06-06 18:30:00
919,2023-06-01 01:51:03,0.08,3,True,2023-06-06 18:00:00
920,2023-06-01 01:51:17,0.08,5,True,2023-06-07 08:00:00
921,2023-06-01 01:51:23,0.2,1,True,2023-06-05 05:30:00
922,2023-06-01 01:51:41,6.0,1,True,2023-06-07 09:30:00
923,2023-06-01 01:51:42,0.08,4,True,2023-06-07 08:00:00
924,2023-06-01 01:52:02,0.08,2,True,2023-06-06 11:30:00
925,2023-06-01 01:52:16,0.5,1,True,2023-06-06 19:00:00
926,2023-06-01 01:52:18,0.08,2,True,2023-06-06 11:30:00
927,2023-06-01 01:52:38,0.08,4,True,2023-06-07 08:00:00
928,2023-06-01 01:52:53,0.08,3,True,2023-06-06 18:00:00
929,2023-06-01 01:52:53,0.5,1,True,2023-06-07 06:00:00
930,2023-06-01 01:53:04,1.6,1,True,2023-06-07 09:00:00
931,2023-06-01 01:53:13,0.08,2,True,2023-06-06 14:30:00
932,2023-06-01 01:53:23,0.08,5,True,2023-06-07 10:00:00
933,2023-06-01 01:53:32,0.8,1,True,2023-06-07 08:00:00
934,2023-06-01 01:53:32,0.08,5,True,2023-06-07 10:00:00
935,2023-06-01 01:53:34,0.8,1,True,2023-06-07 09:00:00
936,2023-06-01 01:53:36,0.8,4,True,2023-06-07 12:30:00
937,2023-06-01 01:53:47,0.08,2,True,2023-06-06 18:00:00
938,2023-06-01 01:53:57,0.08,5,True,2023-06-07 10:00:00
939,2023-06-01 01:54:13,0.08,6,True,2023-06-07 10:00:00
940,2023-06-01 01:54:19,0.8,1,True,2023-06-07 09:00:00
941,2023-06-01 01:54:25,0.08,5,True,2023-06-07 10:00:00
942,2023-06-01 01:54:29,0.8,1,True,2023-06-07 09:00:00
943,2023-06-01 01:54:34,0.08,5,True,2023-06-07 10:00:00
944,2023-06-01 01:54:46,0.08,5,True,2023-06-07 12:00:00
945,2023-06-01 01:54:56,0.8,63,False,
946,2023-06-01 01:55:04,0.4,1,True,2023-06-06 19:00:00
947,2023-06-01 01:55:06,3.2,1,True,2023-06-07 10:30:00
948,2023-06-01 01:55:07,0.08,2,True,2023-06-06 18:30:00
949,2023-06-01 01:55:16,0.08,3,True,2023-06-07 08:00:00
950,2023-06-01 01:55:22,3.2,3,True,2023-06-07 14:00:00
951,2023-06-01 01:55:26,0.08,2,True,2023-06-07 08:00:00
952,2023-06-01 01:55:30,0.8,1,True,2023-06-07 10:00:00
953,2023-06-01 01:55:35,0.08,4,True,2023-06-07 12:30:00
954,2023-06-01 01:55:36,0.8,2,True,2023-06-07 10:30:00
955,2023-06-01 01:55:44,0.08,5,True,2023-06-07 12:30:00
956,2023-06-01 01:55:57,0.08,5,True,2023-06-07 12:30:00
957,2023-06-01 01:56:20,0.08,5,True,2023-06-07 12:30:00
958,2023-06-01 01:56:30,0.08,3,True,2023-06-07 08:00:00
959,2023-06-01 01:56:51,0.08,4,True,2023-06-07 12:30:00
960,2023-06-01 01:57:00,0.08,4,True,2023-06-07 12:30:00
961,2023-06-01 01:57:11,0.08,3,True,2023-06-07 08:00:00
962,2023-06-01 01:57:23,0.08,2,True,2023-06-07 10:00:00
963,2023-06-01 01:58:18,0.08,4,True,2023-06-07 12:30:00
964,2023-06-01 01:58:27,0.08,4,True,2023-06-07 13:00:00
965,2023-06-01 01:58:28,0.2,1,True,2023-06-05 09:00:00
966,2023-06-01 01:58:34,0.08,3,True,2023-06-07 10:00:00
967,2023-06-01 01:58:44,0.08,4,True,2023-06-07 13:00:00
968,2023-06-01 01:58:51,0.8,1,True,2023-06-07 10:30:00
969,2023-06-01 01:59:02,0.2,1,True,2023-06-05 12:00:00
970,2023-06-01 01:59:02,0.2,1,True,2023-06-05 17:30:00
971,2023-06-01 01:59:03,0.08,5,True,2023-06-07 13:00:00
972,2023-06-01 01:59:09,0.08,5,True,2023-06-07 14:00:00
973,2023-06-01 01:59:21,0.08,5,True,2023-06-07 14:00:00
974,2023-06-01 01:59:31,0.08,3,True,2023-06-07 14:00:00
975,2023-06-01 01:59:39,0.08,3,True,2023-06-07 14:00:00
976,2023-06-01 01:59:40,0.2,1,True,2023-06-05 19:00:00
977,2023-06-01 01:59:51,0.8,1,True,2023-06-07 10:30:00
978,2023-06-01 01:59:54,0.2,1,True,2023-06-05 20:30:00
979,2023-06-01 01:59:59,0.2,1,True,2023-06-06 15:00:00
980,2023-06-01 01:59:59,0.08,2,True,2023-06-07 10:30:00
981,2023-06-01 02:00:03,0.2,3,True,2023-06-07 14:00:00
982,2023-06-01 02:00:11,0.08,4,True,2023-06-07 14:00:00
983,2023-06-01 02:00:12,0.2,3,True,2023-06-07 14:00:00
984,2023-06-01 02:00:15,0.8,1,True,2023-06-07 10:30:00
985,2023-06-01 02:00:17,0.8,1,True,2023-06-07 10:30:00
986,2023-06-01 02:00:23,0.8,1,True,2023-06-07 10:30:00
987,2023-06-01 02:00:24,0.08,3,True,2023-06-07 14:00:00
988,2023-06-01 02:00:37,0.08,3,True,2023-06-07 14:00:00
989,2023-06-01 02:00:47,8.0,1,True,2023-06-07 10:30:00
990,2023-06-01 02:01:01,0.08,5,True,2023-06-07 14:00:00
991,2023-06-01 02:01:13,2.0,4,True,2023-06-07 14:00:00
992,2023-06-01 02:01:22,0.08,3,True,2023-06-07 14:00:00
993,2023-06-01 02:01:44,0.8,1,True,2023-06-07 10:30:00
994,2023-06-01 02:02:01,0.08,5,True,2023-06-07 14:00:00
995,2023-06-01 02:02:11,0.5,1,True,2023-06-07 10:30:00
996,2023-06-01 02:02:14,0.8,1,True,2023-06-07 10:30:00
997,2023-06-01 02:02:21,0.08,3,True,2023-06-07 14:00:00
998,2023-06-01 02:02:34,0.8,1,True,2023-06-07 10:30:00
999,2023-06-01 02:02:37,0.08,2,True,2023-06-07 10:30:00
